"sample1","sample2","geo","PC1","PC2","PC3"
"1","1",0,0,0,0
"2","1",1259365.82390818,0.911253333745247,2.59013794919897,0.147897446940851
"3","1",1489462.69608013,1.98041719141579,6.25234053520813,2.05832367052309
"4","1",1637091.85368263,1.40355531307183,4.76576223187634,1.02870791949922
"5","1",2065654.62614669,3.07228069909646,5.97058527611339,2.90821117916227
"6","1",2547051.34613036,0.548182847708922,4.66044963909701,3.63496639929194
"1","2",1259365.82390818,0.911253333745247,2.59013794919897,0.147897446940851
"2","2",0,0,0,0
"3","2",497391.332766274,2.89167052516104,3.66220258600915,2.20622111746394
"4","2",602952.056366756,2.31480864681708,2.17562428267737,1.17660536644007
"5","2",1011033.18980637,3.98353403284171,3.38044732691442,3.05610862610312
"6","2",1492429.90979003,1.45943618145417,2.07031168989804,3.78286384623279
"1","3",1489462.69608013,1.98041719141579,6.25234053520813,2.05832367052309
"2","3",497391.332766274,2.89167052516104,3.66220258600915,2.20622111746394
"3","3",0,0,0,0
"4","3",147629.157602504,0.576861878343962,1.48657830333178,1.02961575102387
"5","3",576191.930066564,1.09186350768067,0.281755259094735,0.849887508639178
"6","3",1057588.65005023,1.43223434370687,1.59189089611112,1.57664272876885
"1","4",1637091.85368263,1.40355531307183,4.76576223187634,1.02870791949922
"2","4",602952.056366756,2.31480864681708,2.17562428267737,1.17660536644007
"3","4",147629.157602504,0.576861878343962,1.48657830333178,1.02961575102387
"4","4",0,0,0,0
"5","4",428719.643465884,1.66872538602463,1.20482304423705,1.87950325966305
"6","4",910116.363449549,0.85537246536291,0.105312592779333,2.60625847979273
"1","5",2065654.62614669,3.07228069909646,5.97058527611339,2.90821117916227
"2","5",1011033.18980637,3.98353403284171,3.38044732691442,3.05610862610312
"3","5",576191.930066564,1.09186350768067,0.281755259094735,0.849887508639178
"4","5",428719.643465884,1.66872538602463,1.20482304423705,1.87950325966305
"5","5",0,0,0,0
"6","5",481584.831535363,2.52409785138754,1.31013563701638,0.726755220129677
"1","6",2547051.34613036,0.548182847708922,4.66044963909701,3.63496639929194
"2","6",1492429.90979003,1.45943618145417,2.07031168989804,3.78286384623279
"3","6",1057588.65005023,1.43223434370687,1.59189089611112,1.57664272876885
"4","6",910116.363449549,0.85537246536291,0.105312592779333,2.60625847979273
"5","6",481584.831535363,2.52409785138754,1.31013563701638,0.726755220129677
"6","6",0,0,0,0
